Workbook

Sheet Products (2)
A1: Sku Number | B1: Theme | C1: Customer Description | D1: Sale Price | E1: Regular Price | F1: Specialty Brand | G1: Proprietary (P) | H1: Collection Copy | I1: Mattress Designation | J1: Mattress Size | K1: Mattress Type | L1: Pressure Relief | M1: Sleep Position | N1: Support Level | O1: Temperature Management | P1: Comfort
A2: 50000543 | B2: =_xlfn.XLOOKUP(A2,Sheet1!A:A,Sheet1!D:D,"") -> CASPER CLOUD ONE | C2: TWX CASPER CLOUD ONE | D2: =_xlfn.XLOOKUP(A2,Sheet1!A:A,Sheet1!C:C,"") -> 879 | E2: 1099 | F2: CASPER | I2: Adult | J2: Twin XL | K2: Foam | L2: 3-Superior | M2: Side/Back/Stomach | N2: 3-Superior | O2: 2-Good | P2: Medium
A3: 50000579 | B3: =_xlfn.XLOOKUP(A3,Sheet1!A:A,Sheet1!D:D,"") -> CASPER SNOW 2.0 | C3: TWXL CASPER SNOW 2.0 | D3: =_xlfn.XLOOKUP(A3,Sheet1!A:A,Sheet1!C:C,"") -> 1595 | E3: 1995 | F3: CASPER | H3: Casper signature cooling hybrid mattress. Specialty cool-to-the-touch fibers give an instantly refreshing feel. Phase Change Materialinstantly pulls heat away whileHeatDeleteT Bandsremove excess body heat to help yousleep 5 cooler all night long. Soothe Memory Foam conforms to the body and gently eases you into deep sleep. Zoned Support helps keep your spine in alignment with firmer foam under the hips, waist and lower back. Individually pocketed Flex Coils reduce motion transfer and boost support. | I3: Adult | J3: Twin XL | K3: Hybrid | L3: 3-Superior | M3: Side/Back/Stomach | N3: 3-Superior | O3: 4-Premier | P3: Medium
A4: 50000581 | B4: =_xlfn.XLOOKUP(A4,Sheet1!A:A,Sheet1!D:D,"") -> CASPER SNOW MAX | C4: TWXL CASPER SNOW MAX | D4: =_xlfn.XLOOKUP(A4,Sheet1!A:A,Sheet1!C:C,"") -> 2595 | E4: 3245 | F4: CASPER | H4: Ultimate cooling hybrid mattress. Specialty cool-to-the-touch fibers give an instantly refreshing feel. Phase Change MaterialandHeatDeleteT Bands remove excess body heat and help yousleep 6 cooler all night long. Precision-cut foam and encased coils for a breathable and supportive medium-soft feel. Ultra-supportive Align Memory Foam keeps you aligned for your deepest sleep. Firmer center foam cradles your body while giving added support to your hips, waist and lower back. Individually pocketed Flex Coils flex reduce motion transfer and boost support. | I4: Adult | J4: Twin XL | K4: Hybrid | L4: 4-Premier | M4: Side/Back | N4: 3-Superior | O4: 5-Ultimate | P4: Soft
A5: 50000682 | B5: =_xlfn.XLOOKUP(A5,Sheet1!A:A,Sheet1!D:D,"") -> CASPER ONYX 2.0 | C5: TWXL CASPER ONYX 2.0 | D5: =_xlfn.XLOOKUP(A5,Sheet1!A:A,Sheet1!C:C,"") -> 699 | E5: 799 | F5: CASPER | G5: P | H5: The Casper Onyx mattress is designed with 3 layers of foam for comfort, breathability and support. Obsessively engineered by Casper's award-winning research and development team, this mattress contains Breathe Flex Foam for support and pressure relief & Breathe Foam for air flow that pairs breathability with softness for all-night comfort. Key FeaturesA cozy knit cover designed with added stretch so you can experience all the comfort your mattress has to offer. Features a top layer of Breathe Flex Foam that's both responsive and breathable to soothe you to sleep with the perfect bit of bounce. A firm Casper Core base provides long-lasting support while preventing sinking and sagging. Foams are certified by the CertiPUR-US program, meaning they are made without ozone depleting chemicals and regulated by the Consumer Product Safety Commission Low VOC Volatile Organic Compound emissions for indoor air quality less than 0.5 parts per million. | I5: Adult | J5: Twin XL | K5: Foam | L5: 2-Good | M5: Side/Back/Stomach | N5: 2-Good | O5: 2-Good | P5: Medium
A6: 50001773 | B6: =_xlfn.XLOOKUP(A6,Sheet1!A:A,Sheet1!D:D,"") -> SMART MATCH 2.0 | C6: TWX SMART MATCH 2.0 | D6: =_xlfn.XLOOKUP(A6,Sheet1!A:A,Sheet1!C:C,"") -> 1077 | E6: 3199 | F6: KINGSDOWN | J6: Twin XL | K6: Innerspring | L6: 4-Premier | M6: Side/Back/Stomach | N6: 4-Premier | O6: 3-Superior | P6: Medium
A7: 50007460 | B7: =_xlfn.XLOOKUP(A7,Sheet1!A:A,Sheet1!D:D,"") -> ADAPT 2.0 MEDIUM | C7: TWXL ADAPT MEDIUM | D7: =_xlfn.XLOOKUP(A7,Sheet1!A:A,Sheet1!C:C,"") -> 1699 | E7: 1699 | F7: TEMPURPEDIC | H7: .Superior cool-to-the-touch feel with a premium knit cover..TEMPUR-Material provides one-of-a-kind, body-conforming support by responding to your body's weight, shape, and temperature to help reduce aches and pains..A second layer of TEMPUR-Material absorbs motion to help minimize disruptions caused by movement from partners, pets, or kids. | I7: Adult | J7: Twin XL | K7: Foam | L7: 4-Premier | M7: Side/Back/Stomach | N7: 4-Premier | O7: 4-Premier | P7: Medium
A8: 50007472 | B8: =_xlfn.XLOOKUP(A8,Sheet1!A:A,Sheet1!D:D,"") -> ADAPT 2.0 MEDIUM HYBRID | C8: TWXL ADAPT MEDIUM HYBRID | D8: =_xlfn.XLOOKUP(A8,Sheet1!A:A,Sheet1!C:C,"") -> 1999 | E8: 1999 | F8: TEMPURPEDIC | H8: .Superior cool-to-the-touch feel with a premium knit cover..TEMPUR-Material provides one-of-a-kind, body-conforming support by responding to your body's weight, shape, and temperature to help reduce aches and pains..A second layer of TEMPUR-Material absorbs motion to help minimize disruptions caused by movement from partners, pets, or kids..Hybrid technology combines premium innersprings with TEMPUR-Material to deliver the right combination of pressure relief and support. | I8: Adult | J8: Twin XL | K8: Hybrid | L8: 4-Premier | M8: Side/Back/Stomach | N8: 4-Premier | O8: 4-Premier | P8: Medium
A9: 50007484 | B9: =_xlfn.XLOOKUP(A9,Sheet1!A:A,Sheet1!D:D,"") -> PROADAPT 2.0 FIRM | C9: TWXL PROADAPT FIRM | D9: =_xlfn.XLOOKUP(A9,Sheet1!A:A,Sheet1!C:C,"") -> 2899 | E9: 2899 | F9: TEMPURPEDIC | H9: .The removable, machine-washable, and cool-to-the-touch SmartClimate cover features heat-absorbing fibers, drawing heat away from the body for added cooling comfort..Ventilated Advanced Relief Material provides pressure relief and added ventilation for increased airflow..TEMPUR-Material provides one-of-a-kind, body-conforming support by responding to your body's weight, shape, and temperature. | I9: Adult | J9: Twin XL | K9: Foam | L9: 4-Premier | M9: Stomach/Back | N9: 5-Ultimate | O9: 4-Premier | P9: Firm
A10: 50007511 | B10: =_xlfn.XLOOKUP(A10,Sheet1!A:A,Sheet1!D:D,"") -> PROBREEZE 2.0 MEDIUM HYBRID | C10: TWXL PROBREEZE MED HYBRID | D10: =_xlfn.XLOOKUP(A10,Sheet1!A:A,Sheet1!C:C,"") -> 3899 | E10: 3899 | F10: TEMPURPEDIC | H10: Experience all-night cooling with the all-new TEMPUR-ProBreeze mattress. Features a removable, machine-washable cover with heat-absorbing fibers that provide cooling comfort. Premium hybrid technology combines over 1,000 innersprings with Tempur-Pedic's pressure relieving and cooling materials. Delivers exceptional support and ensures cool and comfortable sleep every night. | I10: Adult | J10: Twin XL | K10: Hybrid | L10: 4-Premier | M10: Side/Back/Stomach | N10: 5-Ultimate | O10: 5-Ultimate | P10: Medium
A11: 50007523 | B11: =_xlfn.XLOOKUP(A11,Sheet1!A:A,Sheet1!D:D,"") -> PROADAPT 2.0 MEDIUM | C11: TWXL PROADAPT MEDIUM | D11: =_xlfn.XLOOKUP(A11,Sheet1!A:A,Sheet1!C:C,"") -> 2899 | E11: 2899 | F11: TEMPURPEDIC | H11: .The removable, machine-washable, and cool-to-the-touch SmartClimate cover features heat-absorbing fibers, drawing heat away from the body for added cooling comfort..Ventilated Advanced Relief Material provides pressure relief and added ventilation for increased airflow..TEMPUR-Material provides one-of-a-kind, body-conforming support by responding to your body's weight, shape, and temperature. | I11: Adult | J11: Twin XL | K11: Foam | L11: 4-Premier | M11: Side/Back/Stomach | N11: 5-Ultimate | O11: 4-Premier | P11: Medium
A12: 50007535 | B12: =_xlfn.XLOOKUP(A12,Sheet1!A:A,Sheet1!D:D,"") -> PROADAPT 2.0 SOFT | C12: TWXL PROADAPT SOFT | D12: =_xlfn.XLOOKUP(A12,Sheet1!A:A,Sheet1!C:C,"") -> 2899 | E12: 2899 | F12: TEMPURPEDIC | H12: .The removable, machine-washable, and cool-to-the-touch SmartClimate cover features heat-absorbing fibers, drawing heat away from the body for added cooling comfort..Specially ventilated TEMPUR-Material delivers additional airflow and breathability, while providing pressure relief and motion absorption..Advanced Relief Material is the most pressure-relieving material made by Tempur-Pedic and conforms to your body for ultimate comfort. | I12: Adult | J12: Twin XL | K12: Foam | L12: 5-Ultimate | M12: Side/Back | N12: 5-Ultimate | O12: 4-Premier | P12: Soft
A13: 50007559 | B13: =_xlfn.XLOOKUP(A13,Sheet1!A:A,Sheet1!D:D,"") -> PROADAPT 2.0 MEDIUM HYBRID | C13: TWXL PROADAPT MEDIUM HYBRID | D13: =_xlfn.XLOOKUP(A13,Sheet1!A:A,Sheet1!C:C,"") -> 2899 | E13: 2899 | F13: TEMPURPEDIC | H13: .The removable, machine-washable, and cool-to-the-touch SmartClimate cover features heat-absorbing fibers, drawing heat away from the body for added cooling comfort..Specially ventilated TEMPUR-Material delivers additional airflow and breathability, while providing pressure relief and motion absorption..Advanced Relief Material is the most pressure-relieving material made by Tempur-Pedic and contours to your body for ultimate comfort. .Hybrid technology mixes premium innersprings with one-of-a-kind Tempur-Pedic materials to deliver the right combination of relief and support. | I13: Adult | J13: Twin XL | K13: Hybrid | L13: 4-Premier | M13: Side/Back/Stomach | N13: 5-Ultimate | O13: 4-Premier | P13: Medium
A14: 50007561 | B14: =_xlfn.XLOOKUP(A14,Sheet1!A:A,Sheet1!D:D,"") -> LUXEADAPT 2.0 SOFT | C14: TWXL LUXEADAPT SOFT | D14: =_xlfn.XLOOKUP(A14,Sheet1!A:A,Sheet1!C:C,"") -> 4199 | E14: 4199 | F14: TEMPURPEDIC | H14: .The removable, machine-washable, and cool-to-the-touch SmartClimate cover features heat-absorbing fibers, drawing heat away from the body for added cooling comfort..Specially ventilated TEMPUR-Material delivers additional airflow and breathability, while providing pressure relief and motion absorption..Advanced Relief Material is the most pressure-relieving material made by Tempur-Pedic and contours to your body for ultimate comfort. .An ergonomic 5-zone support layer conforms to your body for targeted support in the spine, hips, and shoulders for personalized comfort. | I14: Adult | J14: Twin XL | K14: Foam | L14: 5-Ultimate | M14: Side/Back | N14: 5-Ultimate | O14: 4-Premier | P14: Soft
A15: 50007585 | B15: =_xlfn.XLOOKUP(A15,Sheet1!A:A,Sheet1!D:D,"") -> LUXEADAPT 2.0 MEDIUM HYBRID | C15: TWXL LUXEADAPT MEDIUM HYBRID | D15: =_xlfn.XLOOKUP(A15,Sheet1!A:A,Sheet1!C:C,"") -> 4199 | E15: 4199 | F15: TEMPURPEDIC | H15: .The removable, machine-washable, and cool-to-the-touch SmartClimate cover features heat-absorbing fibers, drawing heat away from the body for added cooling comfort..Specially ventilated TEMPUR-Material delivers additional airflow and breathability, while providing pressure relief and motion absorption..Advanced Relief Material is the most pressure-relieving material made by Tempur-Pedic and contours to your body for ultimate comfort. .Hybrid technology mixes premium innersprings with a proprietary hybrid material to deliver a lighter, more-responsive feel that helps support any sleep position. | I15: Adult | J15: Twin XL | K15: Hybrid | L15: 5-Ultimate | M15: Side/Back/Stomach | N15: 5-Ultimate | O15: 4-Premier | P15: Medium
A16: 50007624 | B16: =_xlfn.XLOOKUP(A16,Sheet1!A:A,Sheet1!D:D,"") -> LUXEBREEZE 2.0 FIRM | C16: TWXL LUXEBREEZE FIRM | D16: =_xlfn.XLOOKUP(A16,Sheet1!A:A,Sheet1!C:C,"") -> 5199 | E16: 5199 | F16: TEMPURPEDIC | H16: The all-new TEMPUR-LuxeBreeze mattress feels up to 10 cooler. Features advanced Pure Cool Plus material designed to pull heat away from the body so even the hottest sleepers can stay cool throughout the night. One-of-a-kind Tempur-Pedic Ventilated Advanced Relief material increases airflow throughout the mattress for a deeper, more restful sleep. | I16: Adult | J16: Twin XL | K16: Foam | L16: 5-Ultimate | M16: Stomach/Back | N16: 5-Ultimate | O16: 5-Ultimate | P16: Firm
A17: 50009870 | B17: =_xlfn.XLOOKUP(A17,Sheet1!A:A,Sheet1!D:D,"") -> TUFT & NEEDLE STITCH TN3.1 | C17: TWX T&N TN3.1 | D17: =_xlfn.XLOOKUP(A17,Sheet1!A:A,Sheet1!C:C,"") -> 797 | E17: 999 | F17: TUFT & NEEDLE | G17: P | I17: Adult | J17: Twin XL | K17: Hybrid | L17: 3-Superior | M17: Side/Back/Stomach | N17: 3-Superior | O17: 3-Superior | P17: Medium
A18: 50009882 | B18: =_xlfn.XLOOKUP(A18,Sheet1!A:A,Sheet1!D:D,"") -> TUFT & NEEDLE STITCH TN5.1 | C18: TWX T&N TN5.1 | D18: =_xlfn.XLOOKUP(A18,Sheet1!A:A,Sheet1!C:C,"") -> 795 | E18: 1399 | F18: TUFT & NEEDLE | G18: P | I18: Adult | J18: Twin XL | K18: Hybrid | L18: 4-Premier | M18: Stomach/Back | N18: 4-Premier | O18: 4-Premier | P18: Firm
A19: 50009907 | B19: =_xlfn.XLOOKUP(A19,Sheet1!A:A,Sheet1!D:D,"") -> TUFT & NEEDLE STITCH TN9.1 | C19: TWX T&N TN9.1 | D19: =_xlfn.XLOOKUP(A19,Sheet1!A:A,Sheet1!C:C,"") -> 1597 | E19: 2099 | F19: TUFT & NEEDLE | G19: P | I19: Adult | J19: Twin XL | K19: Hybrid | L19: 5-Ultimate | M19: Side/Back | N19: 4-Premier | O19: 4-Premier | P19: Soft
A20: 50009933 | B20: =_xlfn.XLOOKUP(A20,Sheet1!A:A,Sheet1!D:D,"") -> TUFT & NEEDLE TN1 | C20: TWX T&N TN1 | D20: =_xlfn.XLOOKUP(A20,Sheet1!A:A,Sheet1!C:C,"") -> 577 | E20: 699 | F20: TUFT & NEEDLE | G20: P | H20: Reclaim your nights and wake refreshed for your days with the Tuft & Needle TN1 12 Firm mattress. Available in a standard flat-mattress construction, this mattress offers innovative cooling, responsive pressure relief, and the bounce back support of T&N Adaptive foam, so you can sink deeply into sleep-but never into your mattress. Unlike memory foam, Tuft & Needle's T&N Adaptive foam doesn't sink under your weight. Instead, it keeps you lifted while contouring to relieve pressure where you need it most. Rest easy as this ventilated foam helps channel airflow through the mattress and a breathable cover helps you sleep comfortably. Plus, feel cool as T&N AdaptiveCool gel foam technology, designed to help absorb heat, is ribboned across the center-third of the mattress to promote optimal cooling. With the addition of comfortable support foams, each Tuft & Needle TN1 12 Firm flat-mattress protects your rest so you can wake up refreshed and ready for the day. | I20: Adult | J20: Twin XL | K20: Foam | L20: 2-Good | M20: Stomach/Back | N20: 2-Good | O20: 2-Good | P20: Firm
A21: 50010570 | B21: =_xlfn.XLOOKUP(A21,Sheet1!A:A,Sheet1!D:D,"") -> MOLECULE CORE | C21: TWXL MOLECULE CORE | D21: =_xlfn.XLOOKUP(A21,Sheet1!A:A,Sheet1!C:C,"") -> 447 | E21: 949 | F21: MOLECULE | J21: Twin XL | K21: Foam | L21: 3-Superior | M21: Side/Back/Stomach | N21: 3-Superior | O21: 3-Superior | P21: Medium
A22: 50010671 | B22: =_xlfn.XLOOKUP(A22,Sheet1!A:A,Sheet1!D:D,"") -> BROAD PEAK MEDIUM HYBRID | C22: TWXL BROAD PEAK | D22: =_xlfn.XLOOKUP(A22,Sheet1!A:A,Sheet1!C:C,"") -> 695 | E22: 849.99 | F22: BEAUTYREST SELECT | G22: P | H22: Developed by the pioneer of the hybrid mattress, the new Beautyrest Select Hybrid line offers consistent that conforms to your body, allowing you to find your optimal sleep position. The superior stretch and recovery surface adapts with you throughout the night, enabling you to engage more closely with the pressure relieving memory foams for a deep, easy sleep. This unique construction enhances the benefits of both our Pocketed Coil Technology and gel memory foams to provide comfort and breathability. | I22: Adult | J22: Twin XL | K22: Hybrid | L22: 3-Superior | M22: Side/Back/Stomach | N22: 3-Superior | O22: 3-Superior | P22: Medium
A23: 50011053 | B23: =_xlfn.XLOOKUP(A23,Sheet1!A:A,Sheet1!D:D,"") -> BAY DREAMER | C23: TWX BAY DREAMER | D23: =_xlfn.XLOOKUP(A23,Sheet1!A:A,Sheet1!C:C,"") -> 445 | E23: 549.99 | F23: TOMMY BAHAMA | G23: P | I23: Kid | J23: Twin XL | K23: Innerspring | L23: 2-Good | M23: Side/Back | N23: 4-Premier | O23: 2-Good | P23: Soft
A24: 50011065 | B24: =_xlfn.XLOOKUP(A24,Sheet1!A:A,Sheet1!D:D,"") -> MAKE WAVES | C24: TWX MAKE WAVES | D24: =_xlfn.XLOOKUP(A24,Sheet1!A:A,Sheet1!C:C,"") -> 495 | E24: 599.99 | F24: TOMMY BAHAMA | G24: P | I24: Kid | J24: Twin XL | K24: Hybrid | L24: 2-Good | M24: Stomach/Back | N24: 4-Premier | O24: 2-Good | P24: Firm
A25: 50011077 | B25: =_xlfn.XLOOKUP(A25,Sheet1!A:A,Sheet1!D:D,"") -> SEASIDE SERENITY | C25: TWX SEASIDE SERENITY | D25: =_xlfn.XLOOKUP(A25,Sheet1!A:A,Sheet1!C:C,"") -> 595 | E25: 699.99 | F25: TOMMY BAHAMA | G25: P | I25: Kid | J25: Twin XL | K25: Innerspring | L25: 2-Good | M25: Side/Back/Stomach | N25: 4-Premier | O25: 2-Good | P25: Medium
A26: 50011344 | B26: =_xlfn.XLOOKUP(A26,Sheet1!A:A,Sheet1!D:D,"") -> FORESTER | C26: TWX FORESTER | D26: =_xlfn.XLOOKUP(A26,Sheet1!A:A,Sheet1!C:C,"") -> 647 | E26: 849.99 | F26: THERAPEDIC | G26: P | I26: Adult | J26: Twin XL | K26: Innerspring | L26: 2-Good | M26: Stomach/Back | N26: 3-Superior | O26: 2-Good | P26: Extra Firm
A27: 50011368 | B27: =_xlfn.XLOOKUP(A27,Sheet1!A:A,Sheet1!D:D,"") -> DARLINGTON | C27: TWX DARLINGTON | D27: =_xlfn.XLOOKUP(A27,Sheet1!A:A,Sheet1!C:C,"") -> 547 | E27: 649.99 | F27: THERAPEDIC | G27: P | I27: Adult | J27: Twin XL | K27: Innerspring | L27: 2-Good | M27: Side/Back/Stomach | N27: 2-Good | O27: 3-Superior | P27: Medium
A28: 50011382 | B28: =_xlfn.XLOOKUP(A28,Sheet1!A:A,Sheet1!D:D,"") -> HASTINGS | C28: TWXL HASTINGS | D28: =_xlfn.XLOOKUP(A28,Sheet1!A:A,Sheet1!C:C,"") -> 627 | E28: 949.99 | F28: THERAPEDIC HYBRID | G28: P | J28: Twin XL | K28: Hybrid | L28: 2-Good | M28: Side/Back | N28: 3-Superior | O28: 3-Superior | P28: Soft
A29: 50011457 | B29: =_xlfn.XLOOKUP(A29,Sheet1!A:A,Sheet1!D:D,"") -> KAANAPALI | C29: TWXL KAANAPALI | D29: =_xlfn.XLOOKUP(A29,Sheet1!A:A,Sheet1!C:C,"") -> 1249.99 | E29: 1249.99 | F29: THERAPEDIC HYBRID | G29: P | I29: Adult | J29: Twin XL | K29: Hybrid | L29: 3-Superior | M29: Stomach/Back | N29: 4-Premier | O29: 3-Superior | P29: Firm
A30: 50011495 | B30: =_xlfn.XLOOKUP(A30,Sheet1!A:A,Sheet1!D:D,"") -> LEDO | C30: TWXL LEDO | D30: =_xlfn.XLOOKUP(A30,Sheet1!A:A,Sheet1!C:C,"") -> 1449.99 | E30: 1449.99 | F30: THERAPEDIC HYBRID | G30: P | I30: Adult | J30: Twin XL | K30: Hybrid | L30: 4-Premier | M30: Side/Back/Stomach | N30: 4-Premier | O30: 3-Superior | P30: Medium
A31: 50020862 | B31: =_xlfn.XLOOKUP(A31,Sheet1!A:A,Sheet1!D:D,"") -> CAPERTEE | C31: TWXL CAPERTEE | D31: =_xlfn.XLOOKUP(A31,Sheet1!A:A,Sheet1!C:C,"") -> 797 | E31: 1099.99 | F31: DREW & JONATHAN | G31: P | I31: Adult | J31: Twin XL | K31: Innerspring | L31: 3-Superior | M31: Side/Back/Stomach | N31: 3-Superior | O31: 3-Superior | P31: Medium
A32: 50020925 | B32: =_xlfn.XLOOKUP(A32,Sheet1!A:A,Sheet1!D:D,"") -> ARADA CANYON | C32: TWXL ARADA CANYON | D32: =_xlfn.XLOOKUP(A32,Sheet1!A:A,Sheet1!C:C,"") -> 1297 | E32: 1599.99 | F32: DREW & JONATHAN | G32: P | I32: Adult | J32: Twin XL | K32: Innerspring | L32: 4-Premier | M32: Side/Back | N32: 3-Superior | O32: 3-Superior | P32: Soft
A33: 50022210 | B33: =_xlfn.XLOOKUP(A33,Sheet1!A:A,Sheet1!D:D,"") -> OCEANA MIST | C33: TWX OCEANA MIST | D33: =_xlfn.XLOOKUP(A33,Sheet1!A:A,Sheet1!C:C,"") -> 377 | E33: 679.99 | F33: BEAUTYSLEEP | G33: P | H33: The Beauty Sleep Oceana Mist 11.5 Medium Hybrid mattress is designed for your lifestyle. With a smooth top panel, the Beauty Sleep Oceana Mist 11.5 Medium Hybrid mattress features AllCool Gel Foam and AllCool Gel Memory Foam that contours to your body for the ultimate pressure relief. Premium foams provide a responsive sleep surface for all-night comfort, support, airflow, and breathability. Plus, firm 815 Original Beauty Sleep Pocketed Coils provide consistent, supportive sleep at a value designed for your lifestyle. Medium Smooth Top Hybrid mattress. | I33: Adult | J33: Twin XL | K33: Hybrid | L33: 2-Good | M33: Side/Back/Stomach | N33: 3-Superior | O33: 2-Good | P33: Medium
A34: 50025747 | B34: =_xlfn.XLOOKUP(A34,Sheet1!A:A,Sheet1!D:D,"") -> LEVEL THREE PLUSH | C34: TWXL WORLD CLASS LEVEL THREE PLUSH | D34: =_xlfn.XLOOKUP(A34,Sheet1!A:A,Sheet1!C:C,"") -> 1329 | E34: 1329 | F34: BEAUTYREST WORLD CLASS | H34: Step up to a world class sleep experience with Beautyrest World Class. Provides cushy comfort that responds to movement with a soft-yet-supportive feel. InfiniCool MAX Technology adds advanced cooling with vertical cooling fibers. SurfaceTouch Gel Memory Foam is quilted into the sleep surface to unlock immediate, advanced comfort. World Class Relief HD Foam, featured in all level three Beautyrest mattresses, adapts to body temperature, providing responsive pressure relief. Beautyrest ActiveResponse MAX HD Memory Foam creates high-density contouring to help alleviate aches and pains. 1000-density Pocketed Coil Technology and higher density foams offer individualized support motion separation. | I34: Adult | J34: Twin XL | K34: Innerspring | L34: 4-Premier | M34: Side/Back | N34: 4-Premier | O34: 4-Premier | P34: Soft
A35: 50025759 | B35: =_xlfn.XLOOKUP(A35,Sheet1!A:A,Sheet1!D:D,"") -> LEVEL THREE MEDIUM PILLOWTOP | C35: TWXL WORLD CLASS LEVEL THREE MED PT | D35: =_xlfn.XLOOKUP(A35,Sheet1!A:A,Sheet1!C:C,"") -> 1529 | E35: 1529 | F35: BEAUTYREST WORLD CLASS | H35: Step up to a world class sleep experience with Beautyrest World Class. Provides medium support with just the right amount of pressure relief and cloud-like top layer. InfiniCool MAX Technology adds advanced cooling combined with natural lux fibers for added surface breathability. SurfaceTouch Gel Memory Foam is quilted into the sleep surface to unlock immediate, advanced comfort. GelTouch Foam helps provide comfort, support, airflow and breathability. World Class Relief HD Foam, featured in all level three Beautyrest mattresses, adapts to body temperature, providing responsive pressure relief. Beautyrest ActiveResponse MAX HD Memory Foam creates high-density contouring to help alleviate aches and pains. 1000-density Pocketed Coil Technology and higher density foams offer individualized support motion separation. | I35: Adult | J35: Twin XL | K35: Innerspring | L35: 4-Premier | M35: Side/Back/Stomach | N35: 4-Premier | O35: 4-Premier | P35: Medium
A36: 50025800 | B36: =_xlfn.XLOOKUP(A36,Sheet1!A:A,Sheet1!D:D,"") -> LEVEL FOUR PLUSH PILLOWTOP | C36: TWXL WORLD CLASS LEVEL FOUR PLUSH PT | D36: =_xlfn.XLOOKUP(A36,Sheet1!A:A,Sheet1!C:C,"") -> 1829 | E36: 1829 | F36: BEAUTYREST WORLD CLASS | H36: Step up to a world class sleep experience with Beautyrest World Class. Provides cushy comfort that responds to movement with a soft-yet-supportive feel and a cloud-like top layer. InfiniCool MAX Technology adds advanced cooling with vertical cooling fibers. Level Four mattresses feature twice the SurfaceTouch Gel Memory Foam, unlocking even more pressure relief right at the surface. World Class Relief HD Foam, featured in all level four Beautyrest mattresses, offers remarkable pressure relief that responds to your body. Beautyrest ActiveResponse MAX HD Memory Foam helps alleviate aches and pains withhigh-density contouring. 1000-density Pocketed Coil Technology and higher density foams offer individualized support motion separation. | I36: Adult | J36: Twin XL | K36: Innerspring | L36: 5-Ultimate | M36: Side/Back | N36: 4-Premier | O36: 4-Premier | P36: Soft
A37: 50028957 | B37: =_xlfn.XLOOKUP(A37,Sheet1!A:A,Sheet1!D:D,"") -> KERRY PARK | C37: TWX KERRY PARK | D37: =_xlfn.XLOOKUP(A37,Sheet1!A:A,Sheet1!C:C,"") -> 877 | E37: 1479 | F37: CORRECT COMFORT | G37: P | I37: Adult | J37: Twin XL | K37: Innerspring | L37: 4-Premier | M37: Side/Back | N37: 3-Superior | O37: 3-Superior | P37: Extra Soft
A38: 50028969 | B38: =_xlfn.XLOOKUP(A38,Sheet1!A:A,Sheet1!D:D,"") -> BRADFORD HILL | C38: TWX BRADFORD HILL | D38: =_xlfn.XLOOKUP(A38,Sheet1!A:A,Sheet1!C:C,"") -> 645 | E38: 749 | F38: CORRECT COMFORT | G38: P | I38: Adult | J38: Twin XL | K38: Foam | L38: 3-Superior | M38: Side/Back/Stomach | N38: 3-Superior | O38: 2-Good | P38: Medium
A39: 50028971 | B39: =_xlfn.XLOOKUP(A39,Sheet1!A:A,Sheet1!D:D,"") -> NORTHGATE | C39: TWX NORTHGATE | D39: =_xlfn.XLOOKUP(A39,Sheet1!A:A,Sheet1!C:C,"") -> 977 | E39: 1779 | F39: CORRECT COMFORT | G39: P | J39: Twin XL | K39: Foam | L39: 4-Premier | M39: Side/Back/Stomach | N39: 3-Superior | O39: 3-Superior | P39: Medium
A40: 50029175 | B40: =_xlfn.XLOOKUP(A40,Sheet1!A:A,Sheet1!D:D,"") -> BRIERWOOD | C40: TWXL BRIERWOOD | D40: =_xlfn.XLOOKUP(A40,Sheet1!A:A,Sheet1!C:C,"") -> 597 | E40: 719 | F40: POSTUREPEDIC | G40: P | H40: The Sealy Posturepedic Briarwood Medium mattress offers lasting comfort and superior support to help maintain natural body alignment and reduce nagging Bed Aches. The orthopedic-inspired Posturepedic Support System features exclusive PrecisionFit Coils, arranged right where you need them. Plus the Coil Edge provides a solid surface that's built to last. | I40: Adult | J40: Twin XL | K40: Innerspring | L40: 2-Good | M40: Side/Back/Stomach | N40: 2-Good | O40: 2-Good | P40: Medium
A41: 50029202 | B41: =_xlfn.XLOOKUP(A41,Sheet1!A:A,Sheet1!D:D,"") -> CASTLE ROCK | C41: TWXL CASTLE ROCK | D41: =_xlfn.XLOOKUP(A41,Sheet1!A:A,Sheet1!C:C,"") -> 917 | E41: 1119 | F41: POSTUREPEDIC PLUS | G41: P | H41: The Sealy Posturepedic Castle Rock Medium EPT mattress delivers pressure-relieving comfort to help maintain natural body alignment and reduce nagging Bed Aches night after night. The orthopedic-inspired Posturepedic Plus Support System features exclusive PrecisionFit Coils, arranged right where you need them. Plus, the DuraFlex Coil Edge provides a reinforced solid surface that's built to last. | I41: Adult | J41: Twin XL | K41: Innerspring | L41: 3-Superior | M41: Side/Back/Stomach | N41: 3-Superior | O41: 2-Good | P41: Medium
A42: 50029214 | B42: =_xlfn.XLOOKUP(A42,Sheet1!A:A,Sheet1!D:D,"") -> PEBBLEBROOK | C42: TWXL PEBBLEBROOK | D42: =_xlfn.XLOOKUP(A42,Sheet1!A:A,Sheet1!C:C,"") -> 997 | E42: 1219 | F42: POSTUREPEDIC PRO | H42: The Sealy Posturepedic Pebblebrook Medium mattress offers pressure-relieving comfort and targeted support to help maintain natural body alignment and reduce nagging Bed Aches night after night. The orthopedic-inspired Posturepedic Pro Support System features exclusive PrecisionFit Coils enhanced by MaxSupport Technology for all-over support. And the DuraFlex Coil Edge provides a reinforced solid surface that's built to last. | I42: Adult | J42: Twin XL | K42: Innerspring | L42: 3-Superior | M42: Side/Back/Stomach | N42: 4-Premier | O42: 3-Superior | P42: Medium
A43: 50037057 | B43: =_xlfn.XLOOKUP(A43,Sheet1!A:A,Sheet1!D:D,"") -> SERIES ONE EXTRA FIRM | C43: TWX SERIES ONE EXTRA FIRM | D43: =_xlfn.XLOOKUP(A43,Sheet1!A:A,Sheet1!C:C,"") -> 1549 | E43: 1549 | F43: BEAUTYREST BLACK | H43: Experience extraordinary sleep at the intersection of luxury and innovation with the Beautyrest Black Collection's premier materials and advanced sleep technology. Triple-Stranded Pocketed Coil Technology offers our highest level of individualized support and motion separation, so you can rest undisturbed. Specialized vertical fibers combine with an applied surface-cooling technology to help transfer heat away from the body all night. Contouring foam adheres to the shape of your body for exceptional pressure relief. High-density, firm-feel comfort foam provides a unique combination of comfort and support night after night. A unique, channeled design promotes airflow for cool, enhanced pressure relief. All foams are CertiPUR-US certified. Our mattresses are proudly assembled in the USA. Adjustable base compatible. | I43: Adult | J43: Twin XL | K43: Innerspring | L43: 3-Superior | M43: Stomach/Back | N43: 5-Ultimate | O43: 4-Premier | P43: Extra Firm
A44: 50037134 | B44: =_xlfn.XLOOKUP(A44,Sheet1!A:A,Sheet1!D:D,"") -> SERIES TWO MEDIUM | C44: TWX SERIES TWO MEDIUM TT | D44: =_xlfn.XLOOKUP(A44,Sheet1!A:A,Sheet1!C:C,"") -> 2549 | E44: 2549 | F44: BEAUTYREST BLACK | H44: Experience extraordinary sleep at the intersection of luxury and innovation with the Beautyrest Black Collection's premier materials and advanced sleep features. Triple-Stranded Pocketed Coil Technology offers our highest level of individualized support and motion separation, so you can rest undisturbed. Specialized vertical fibers combine with an applied surface-cooling technology to help transfer heat away from the body all night. A supportive foam layer quilted into the sleep surface unlocks advanced pressure relief. Micro Diamond Memory Foam, infused with diamond particles, helps move heat away from the body for a cool sleep. A unique, channeled design promotes airflow for cool, enhanced pressure relief. All foams are CertiPUR-US certified. Our mattresses are proudly assembled in the USA. Adjustable base friendly - helps reduce snoring and enhance comfort. | I44: Adult | J44: Twin XL | K44: Innerspring | L44: 4-Premier | M44: Side/Back/Stomach | N44: 5-Ultimate | O44: 4-Premier | P44: Medium
A45: 50037223 | B45: =_xlfn.XLOOKUP(A45,Sheet1!A:A,Sheet1!D:D,"") -> SERIES THREE PLUSH PILLOW TOP | C45: TWXL SERIES THREE PLUSH PT | D45: =_xlfn.XLOOKUP(A45,Sheet1!A:A,Sheet1!C:C,"") -> 3649 | E45: 3649 | F45: BEAUTYREST BLACK | H45: Experience extraordinary sleep at the intersection of luxury and innovation with the Beautyrest Black Collection's premier materials and advanced sleep technology. Plus, for an even more luxurious upgrade, Series Three Pillow Top models feature exclusive 2K Nano Coils for enhanced, individualized support throughout the night.Triple-Stranded Pocketed Coil Technology offers our highest level of individualized support and motion separation, so you can rest undisturbed.A layer of specialized foam is quilted into the sleep surface for exceptional pressure relief.A premium memory foam layer, infused with diamond particles, is designed to help move heat away from the body for a cool sleep.Ventilated latex layer maximizes airflow and provides advanced pressure relief.A layer of 2K Nano Coils enhances conformability for increased, individualized support All foams are CertiPUR-US certified.Our mattresses are proudly assembled in the USA.Adjustable base compatible. | I45: Adult | J45: Twin XL | K45: Innerspring | L45: 5-Ultimate | M45: Side/Back | N45: 5-Ultimate | O45: 4-Premier | P45: Soft
A46: 50048036 | B46: =_xlfn.XLOOKUP(A46,Sheet1!A:A,Sheet1!D:D,"") -> ESTATE FIRM TT | C46: TWXL ESTATE FIRM TT | D46: =_xlfn.XLOOKUP(A46,Sheet1!A:A,Sheet1!C:C,"") -> 2299 | E46: 2299 | F46: STEARNS & FOSTER | H46: Engineered with the best night's sleep in mind, Stearns & Foster Estate Collection takes comfort to the next level. Featuring our TEMPUR-Indulge Memory Foam for enhanced pressure relief. Exclusive IntelliCoil innersprings add night-long support. | I46: Adult | J46: Twin XL | K46: Innerspring | L46: 3-Superior | M46: Stomach/Back | N46: 4-Premier | O46: 3-Superior | P46: Firm
A47: 50048050 | B47: =_xlfn.XLOOKUP(A47,Sheet1!A:A,Sheet1!D:D,"") -> ESTATE FIRM PT | C47: TWXL ESTATE FIRM PT | D47: =_xlfn.XLOOKUP(A47,Sheet1!A:A,Sheet1!C:C,"") -> 2499 | E47: 2499 | F47: STEARNS & FOSTER | H47: Engineered with the best night's sleep in mind, Stearns & Foster Estate Collection takes comfort to the next level. Featuring our TEMPUR-Indulge Memory Foam for enhanced pressure relief. Exclusive IntelliCoil innersprings add night-long support. | I47: Adult | J47: Twin XL | K47: Innerspring | L47: 3-Superior | M47: Stomach/Back | N47: 4-Premier | O47: 3-Superior | P47: Firm
A48: 50048276 | B48: =_xlfn.XLOOKUP(A48,Sheet1!A:A,Sheet1!D:D,"") -> LUX ESTATE ELITE | C48: TWXL LUX ESTATE ELITE MEDIUM PT | D48: =_xlfn.XLOOKUP(A48,Sheet1!A:A,Sheet1!C:C,"") -> 4099 | E48: 4099 | F48: STEARNS & FOSTER | H48: The soft, sustainably sourced TENCEL cover creates a cool and comfortable sleep surface with enhanced cooling fibers. TEMPUR-Indulge Memory Foam comfort layers, developed by the sleep experts at Tempur-Pedic, conform to the body to deliver all-night comfort and pressure relief. The Pillowtop Support Layer features microcoils just below the pillowtop to provide added durability for maintaining overall comfort. Supportive latex comfort layers provide a perfect combination of pressure relief, durability, and a uniquely weightless, yet supported feel. IntelliCoil innersprings are uniquely designed to respond to varying types of pressure, providing the perfect balance of pressure relief and support. | I48: Adult | J48: Twin XL | K48: Innerspring | L48: 4-Premier | M48: Side/Back/Stomach | N48: 5-Ultimate | O48: 4-Premier | P48: Medium
A49: 50070110 | B49: =_xlfn.XLOOKUP(A49,Sheet1!A:A,Sheet1!D:D,"") -> HELIX MIDNIGHT LUXE | C49: TWXL HELIX MIDNIGHT LUXE | D49: =_xlfn.XLOOKUP(A49,Sheet1!A:A,Sheet1!C:C,"") -> 1548 | E49: 1935 | F49: HELIX | I49: Adult | J49: Twin XL | K49: Innerspring | L49: 4-Premier | M49: Side/Back/Stomach | N49: 4-Premier | O49: 3-Superior | P49: Medium
A50: 50070122 | B50: =_xlfn.XLOOKUP(A50,Sheet1!A:A,Sheet1!D:D,"") -> HELIX MIDNIGHT ELITE | C50: TWXL HELIX MIDNIGHT ELITE | D50: =_xlfn.XLOOKUP(A50,Sheet1!A:A,Sheet1!C:C,"") -> 2199 | E50: 2748.75 | F50: HELIX | I50: Adult | J50: Twin XL | K50: Innerspring | L50: 5-Ultimate | M50: Side/Back/Stomach | N50: 4-Premier | O50: 4-Premier | P50: Medium
A51: 50100545 | B51: =_xlfn.XLOOKUP(A51,Sheet1!A:A,Sheet1!D:D,"") -> CASPER CLOUD ONE | C51: TW CASPER CLOUD ONE | D51: =_xlfn.XLOOKUP(A51,Sheet1!A:A,Sheet1!C:C,"") -> 799 | E51: 999 | F51: CASPER | I51: Adult | J51: Twin | K51: Foam | L51: 3-Superior | M51: Side/Back/Stomach | N51: 3-Superior | O51: 2-Good | P51: Medium
A52: 50100684 | B52: =_xlfn.XLOOKUP(A52,Sheet1!A:A,Sheet1!D:D,"") -> CASPER ONYX 2.0 | C52: TW CASPER ONYX 2.0 | D52: =_xlfn.XLOOKUP(A52,Sheet1!A:A,Sheet1!C:C,"") -> 649 | E52: 749 | F52: CASPER | G52: P | H52: The Casper Onyx mattress is designed with 3 layers of foam for comfort, breathability and support. Obsessively engineered by Casper's award-winning research and development team, this mattress contains Breathe Flex Foam for support and pressure relief & Breathe Foam for air flow that pairs breathability with softness for all-night comfort. Key Features A cozy knit cover designed with added stretch so you can experience all the comfort your mattress has to offer. Features a top layer of Breathe Flex Foam that's both responsive and breathable to soothe you to sleep with the perfect bit of bounce.A firm Casper Core base provides long-lasting support while preventing sinking and sagging. Foams are certified by the CertiPUR-US program, meaning they are made without ozone depleting chemicals and regulated by the Consumer Product Safety Commission Low VOC Volatile Organic Compound emissions for indoor air quality less than 0.5 parts per million. | I52: Adult | J52: Twin | K52: Foam | L52: 2-Good | M52: Side/Back/Stomach | N52: 2-Good | O52: 2-Good | P52: Medium
A53: 50101775 | B53: =_xlfn.XLOOKUP(A53,Sheet1!A:A,Sheet1!D:D,"") -> SMART MATCH 2.0 | C53: TW SMART MATCH 2.0 | D53: =_xlfn.XLOOKUP(A53,Sheet1!A:A,Sheet1!C:C,"") -> 977 | E53: 2999 | F53: KINGSDOWN | J53: Twin | K53: Innerspring | L53: 4-Premier | M53: Side/Back/Stomach | N53: 4-Premier | O53: 3-Superior | P53: Medium
A54: 50102260 | B54: =_xlfn.XLOOKUP(A54,Sheet1!A:A,Sheet1!D:D,"") -> TURNBULL | C54: TW TURNBULL | D54: =_xlfn.XLOOKUP(A54,Sheet1!A:A,Sheet1!C:C,"") -> 238 | E54: 249.99 | F54: KINGSDOWN | G54: P | H54: .A top layer of gel foam keeps the surface cool while providing pressure relief & support. .A second layer of convoluted foam emphasizes the cooling properties in the mattress. .Foam encased coils ensure personalized support and minimize partner disturbance..Reinforced coils along the perimeter create full, edge-to-edge support throughout the mattress. .Ensures cool and comfortable sleep throughout the night. | I54: Kid | J54: Twin | K54: Innerspring | L54: 2-Good | M54: Side/Back/Stomach | N54: 1-Basic | O54: 2-Good | P54: Medium
A55: 50102284 | B55: =_xlfn.XLOOKUP(A55,Sheet1!A:A,Sheet1!D:D,"") -> HAWKE | C55: TW HAWKE | D55: =_xlfn.XLOOKUP(A55,Sheet1!A:A,Sheet1!C:C,"") -> 298 | E55: 349.99 | F55: KINGSDOWN | G55: P | H55: .Gel micro-denier polyester fiber in the cover makes the surface exceptionally soft and resilient. .Tri-tech memory foam includes specialized lumbar support underneath it..Materials are infused with copper, silver and graphite for ultimate comfort. .Gel foam keeps the mattress cool while providing pressure relief and support. .Perimeter wrapped coils provide superior edge-to-edge support at the base level..Ensures comfortable sleep throughout the night. | I55: Kid | J55: Twin | K55: Innerspring | L55: 3-Superior | M55: Side/Back/Stomach | N55: 4-Premier | O55: 2-Good | P55: Medium
A56: 50102296 | B56: =_xlfn.XLOOKUP(A56,Sheet1!A:A,Sheet1!D:D,"") -> GRENSON | C56: TW GRENSON | D56: =_xlfn.XLOOKUP(A56,Sheet1!A:A,Sheet1!C:C,"") -> 377 | E56: 449.99 | F56: KINGSDOWN | G56: P | H56: .The smooth cover is enhanced by the tri-tech memory foam underneath it. .Materials are infused with copper, silver and graphite for ultimate comfort. .Gel foam keeps the mattress cool while providing pressure relief and support. .A bottom layer of 6 foam core gently compresses for customized support where it's needed..This mattress works well with motion bases. | I56: Kid | J56: Twin | K56: Foam | L56: 4-Premier | M56: Side/Back | N56: 3-Superior | O56: 2-Good | P56: Soft
A57: 50107462 | B57: =_xlfn.XLOOKUP(A57,Sheet1!A:A,Sheet1!D:D,"") -> ADAPT 2.0 MEDIUM | C57: TW ADAPT MEDIUM | D57: =_xlfn.XLOOKUP(A57,Sheet1!A:A,Sheet1!C:C,"") -> 1699 | E57: 1699 | F57: TEMPURPEDIC | H57: .Superior cool-to-the-touch feel with a premium knit cover..TEMPUR-Material provides one-of-a-kind, body-conforming support by responding to your body's weight, shape, and temperature to help reduce aches and pains..A second layer of TEMPUR-Material absorbs motion to help minimize disruptions caused by movement from partners, pets, or kids. | I57: Adult | J57: Twin | K57: Foam | L57: 4-Premier | M57: Side/Back/Stomach | N57: 4-Premier | O57: 4-Premier | P57: Medium
A58: 50107474 | B58: =_xlfn.XLOOKUP(A58,Sheet1!A:A,Sheet1!D:D,"") -> ADAPT 2.0 MEDIUM HYBRID | C58: TW ADAPT MEDIUM HYBRID | D58: =_xlfn.XLOOKUP(A58,Sheet1!A:A,Sheet1!C:C,"") -> 1999 | E58: 1999 | F58: TEMPURPEDIC | H58: .Superior cool-to-the-touch feel with a premium knit cover..TEMPUR-Material provides one-of-a-kind, body-conforming support by responding to your body's weight, shape, and temperature to help reduce aches and pains..A second layer of TEMPUR-Material absorbs motion to help minimize disruptions caused by movement from partners, pets, or kids..Hybrid technology combines premium innersprings with TEMPUR-Material to deliver the right combination of pressure relief and support. | I58: Adult | J58: Twin | K58: Hybrid | L58: 4-Premier | M58: Side/Back/Stomach | N58: 4-Premier | O58: 4-Premier | P58: Medium
A59: 50107486 | B59: =_xlfn.XLOOKUP(A59,Sheet1!A:A,Sheet1!D:D,"") -> PROADAPT 2.0 FIRM | C59: TW PROADAPT FIRM | D59: =_xlfn.XLOOKUP(A59,Sheet1!A:A,Sheet1!C:C,"") -> 2899 | E59: 2899 | F59: TEMPURPEDIC | H59: .The removable, machine-washable, and cool-to-the-touch SmartClimate cover features heat-absorbing fibers, drawing heat away from the body for added cooling comfort..Ventilated Advanced Relief Material provides pressure relief and added ventilation for increased airflow..TEMPUR-Material provides one-of-a-kind, body-conforming support by responding to your body's weight, shape, and temperature. | I59: Adult | J59: Twin | K59: Foam | L59: 4-Premier | M59: Stomach/Back | N59: 5-Ultimate | O59: 4-Premier | P59: Firm
A60: 50107525 | B60: =_xlfn.XLOOKUP(A60,Sheet1!A:A,Sheet1!D:D,"") -> PROADAPT 2.0 MEDIUM | C60: TW PROADAPT MEDIUM | D60: =_xlfn.XLOOKUP(A60,Sheet1!A:A,Sheet1!C:C,"") -> 2899 | E60: 2899 | F60: TEMPURPEDIC | H60: .The removable, machine-washable, and cool-to-the-touch SmartClimate cover features heat-absorbing fibers, drawing heat away from the body for added cooling comfort..Ventilated Advanced Relief Material provides pressure relief and added ventilation for increased airflow..TEMPUR-Material provides one-of-a-kind, body-conforming support by responding to your body's weight, shape, and temperature. | I60: Adult | J60: Twin | K60: Foam | L60: 4-Premier | M60: Side/Back/Stomach | N60: 5-Ultimate | O60: 4-Premier | P60: Medium
A61: 50107537 | B61: =_xlfn.XLOOKUP(A61,Sheet1!A:A,Sheet1!D:D,"") -> PROADAPT 2.0 SOFT | C61: TW PROADAPT SOFT | D61: =_xlfn.XLOOKUP(A61,Sheet1!A:A,Sheet1!C:C,"") -> 2899 | E61: 2899 | F61: TEMPURPEDIC | H61: .The removable, machine-washable, and cool-to-the-touch SmartClimate cover features heat-absorbing fibers, drawing heat away from the body for added cooling comfort..Specially ventilated TEMPUR-Material delivers additional airflow and breathability, while providing pressure relief and motion absorption..Advanced Relief Material is the most pressure-relieving material made by Tempur-Pedic and conforms to your body for ultimate comfort. | I61: Adult | J61: Twin | K61: Foam | L61: 5-Ultimate | M61: Side/Back | N61: 5-Ultimate | O61: 4-Premier | P61: Soft
A62: 50107551 | B62: =_xlfn.XLOOKUP(A62,Sheet1!A:A,Sheet1!D:D,"") -> PROADAPT 2.0 MEDIUM HYBRID | C62: TW PROADAPT MEDIUM HYBRID | D62: =_xlfn.XLOOKUP(A62,Sheet1!A:A,Sheet1!C:C,"") -> 2899 | E62: 2899 | F62: TEMPURPEDIC | H62: .The removable, machine-washable, and cool-to-the-touch SmartClimate cover features heat-absorbing fibers, drawing heat away from the body for added cooling comfort..Specially ventilated TEMPUR-Material delivers additional airflow and breathability, while providing pressure relief and motion absorption..Advanced Relief Material is the most pressure-relieving material made by Tempur-Pedic and contours to your body for ultimate comfort. .Hybrid technology mixes premium innersprings with one-of-a-kind Tempur-Pedic materials to deliver the right combination of relief and support. | I62: Adult | J62: Twin | K62: Hybrid | L62: 4-Premier | M62: Side/Back/Stomach | N62: 5-Ultimate | O62: 4-Premier | P62: Medium
A63: 50109872 | B63: =_xlfn.XLOOKUP(A63,Sheet1!A:A,Sheet1!D:D,"") -> TUFT & NEEDLE STITCH TN3.1 | C63: TW T&N TN3.1 | D63: =_xlfn.XLOOKUP(A63,Sheet1!A:A,Sheet1!C:C,"") -> 597 | E63: 799 | F63: TUFT & NEEDLE | G63: P | I63: Adult | J63: Twin | K63: Hybrid | L63: 3-Superior | M63: Side/Back/Stomach | N63: 3-Superior | O63: 3-Superior | P63: Medium
A64: 50109884 | B64: =_xlfn.XLOOKUP(A64,Sheet1!A:A,Sheet1!D:D,"") -> TUFT & NEEDLE STITCH TN5.1 | C64: TW T&N TN5.1 | D64: =_xlfn.XLOOKUP(A64,Sheet1!A:A,Sheet1!C:C,"") -> 695 | E64: 1299 | F64: TUFT & NEEDLE | G64: P | I64: Adult | J64: Twin | K64: Hybrid | L64: 4-Premier | M64: Stomach/Back | N64: 4-Premier | O64: 4-Premier | P64: Firm
A65: 50109909 | B65: =_xlfn.XLOOKUP(A65,Sheet1!A:A,Sheet1!D:D,"") -> TUFT & NEEDLE STITCH TN9.1 | C65: TW T&N TN9.1 | D65: =_xlfn.XLOOKUP(A65,Sheet1!A:A,Sheet1!C:C,"") -> 1497 | E65: 1999 | F65: TUFT & NEEDLE | G65: P | I65: Adult | J65: Twin | K65: Hybrid | L65: 5-Ultimate | M65: Side/Back | N65: 4-Premier | O65: 4-Premier | P65: Soft
A66: 50109923 | B66: =_xlfn.XLOOKUP(A66,Sheet1!A:A,Sheet1!D:D,"") -> TUFT & NEEDLE KIDS GLEE | C66: TW T&N KIDS GLEE | D66: =_xlfn.XLOOKUP(A66,Sheet1!A:A,Sheet1!C:C,"") -> 477 | E66: 499 | F66: TUFT & NEEDLE | G66: P | H66: Whether they're a teething toddler or a growing teen, help your child wake refreshed with the Tuft & Needle Glee mattress. Featuring a foam construction for cradling comfort, this mattress offers innovative cooling, responsive pressure relief, and the bounce-back support of T&N Adaptive foam, so they can sink deeply into sleep-but never into the mattress. Unlike memory foam, Tuft & Needle's T&N Adaptive foam doesn't sink under weight. Instead, it keeps each sleeper lifted while contouring to relieve pressure where they need it most. With the addition of a breathable cover and reinforced edge support for corner-to-corner comfort, the Tuft & Needle Glee 9 Medium-Firm mattress ensures your child can sleep well, and wake refreshed, for years to come. | I66: Kid | J66: Twin | K66: Foam | L66: 2-Good | M66: Side/Back/Stomach | N66: 2-Good | O66: 2-Good | P66: Medium
A67: 50109935 | B67: =_xlfn.XLOOKUP(A67,Sheet1!A:A,Sheet1!D:D,"") -> TUFT & NEEDLE TN1 | C67: TW T&N TN1 | D67: =_xlfn.XLOOKUP(A67,Sheet1!A:A,Sheet1!C:C,"") -> 527 | E67: 649 | F67: TUFT & NEEDLE | G67: P | H67: Reclaim your nights and wake refreshed for your days with the Tuft & Needle TN1 12 Firm mattress. Available in a standard flat-mattress construction, this mattress offers innovative cooling, responsive pressure relief, and the bounce back support of T&N Adaptive foam, so you can sink deeply into sleep-but never into your mattress. Unlike memory foam, Tuft & Needle's T&N Adaptive foam doesn't sink under your weight. Instead, it keeps you lifted while contouring to relieve pressure where you need it most. Rest easy as this ventilated foam helps channel airflow through the mattress and a breathable cover helps you sleep comfortably. Plus, feel cool as T&N AdaptiveCool gel foam technology, designed to help absorb heat, is ribboned across the center-third of the mattress to promote optimal cooling. With the addition of comfortable support foams, each Tuft & Needle TN1 12 Firm flat-mattress protects your rest so you can wake up refreshed and ready for the day. | I67: Adult | J67: Twin | K67: Foam | L67: 2-Good | M67: Stomach/Back | N67: 2-Good | O67: 2-Good | P67: Firm
A68: 50110572 | B68: =_xlfn.XLOOKUP(A68,Sheet1!A:A,Sheet1!D:D,"") -> MOLECULE CORE | C68: TW MOLECULE CORE | D68: =_xlfn.XLOOKUP(A68,Sheet1!A:A,Sheet1!C:C,"") -> 397 | E68: 899 | F68: MOLECULE | I68: Adult | J68: Twin | K68: Foam | L68: 3-Superior | M68: Side/Back/Stomach | N68: 3-Superior | O68: 3-Superior | P68: Medium
A69: 50110673 | B69: =_xlfn.XLOOKUP(A69,Sheet1!A:A,Sheet1!D:D,"") -> BROAD PEAK MEDIUM HYBRID | C69: TW BROAD PEAK | D69: =_xlfn.XLOOKUP(A69,Sheet1!A:A,Sheet1!C:C,"") -> 595 | E69: 799.99 | F69: BEAUTYREST SELECT | G69: P | H69: Developed by the pioneer of the hybrid mattress, the new Beautyrest Select Hybrid line offers consistent that conforms to your body, allowing you to find your optimal sleep position. The superior stretch and recovery surface adapts with you throughout the night, enabling you to engage more closely with the pressure relieving memory foams for a deep, easy sleep. This unique construction enhances the benefits of both our Pocketed Coil Technology and gel memory foams to provide comfort and breathability. | I69: Adult | J69: Twin | K69: Hybrid | L69: 3-Superior | M69: Side/Back/Stomach | N69: 3-Superior | O69: 3-Superior | P69: Medium
A70: 50110938 | B70: =_xlfn.XLOOKUP(A70,Sheet1!A:A,Sheet1!D:D,"") -> SIMMONS KIDS DELIGHT | C70: TW SIMMONS KIDS DELIGHT | D70: =_xlfn.XLOOKUP(A70,Sheet1!A:A,Sheet1!C:C,"") -> 177 | E70: 199 | F70: SIMMONS KIDS | G70: P | H70: The Simmons Kids Delight mattress is designed with multiple layers of advanced comfort foam. A plush outer layer provides pressure relief and stable temperature regulation. A firm comfort foam core adds the proper support for your growing child. The cozy channeled cover offers a refreshing night's rest. | I70: Kid | J70: Twin | K70: Foam | L70: 1-Basic | M70: Stomach/Back | N70: 2-Good | O70: 2-Good | P70: Firm
A71: 50110940 | B71: =_xlfn.XLOOKUP(A71,Sheet1!A:A,Sheet1!D:D,"") -> SIMMONS KIDS GLAD | C71: TW SIMMONS KIDS GLAD | D71: =_xlfn.XLOOKUP(A71,Sheet1!A:A,Sheet1!C:C,"") -> 277 | E71: 299 | F71: SIMMONS KIDS | G71: P | H71: The Simmons Kids Delight mattress is designed with multiple layers of advanced comfort foam. A plush outer layer provides pressure relief all night. Multiple gel foam layers add stable temperature regulation and cradling softness. A medium comfort foam core offers the proper support for your growing child. | I71: Kid | J71: Twin | K71: Foam | L71: 3-Superior | M71: Side/Back/Stomach | N71: 2-Good | O71: 2-Good | P71: Medium
A72: 50110952 | B72: =_xlfn.XLOOKUP(A72,Sheet1!A:A,Sheet1!D:D,"") -> SIMMONS KIDS HAPPY | C72: TW SIMMONS KIDS HAPPY | D72: =_xlfn.XLOOKUP(A72,Sheet1!A:A,Sheet1!C:C,"") -> 327 | E72: 349 | F72: SIMMONS KIDS | G72: P | H72: The Simmons Kids Happy mattress is designed with multiple layers of advanced comfort foam and a supportive coil system. A plush outer layer offers cradling softness. Premium gel memory foam provides contouring pressure relief and temperature regulation. 800 individually wrapped coils conform to the body for supported sleep. A firm comfort foam core adds the proper support for your growing child. | I72: Kid | J72: Twin | K72: Innerspring | L72: 3-Superior | M72: Stomach/Back | N72: 2-Good | O72: 3-Superior | P72: Firm
A73: 50111055 | B73: =_xlfn.XLOOKUP(A73,Sheet1!A:A,Sheet1!D:D,"") -> BAY DREAMER | C73: TW BAY DREAMER | D73: =_xlfn.XLOOKUP(A73,Sheet1!A:A,Sheet1!C:C,"") -> 345 | E73: 449.99 | F73: TOMMY BAHAMA | G73: P | H73: Soft firmness. Circular Knit Fabric with Lycra for a soft luxurious feel. TheraCool Enhanced Gel Quilt for maximum comfort and pressure relief while wicking away heat from the body for a cooler nights sleep. Performance Foam provides support, durability and comfortable sleep. Memory Touch Visco Lumbar Support provides conforming support to the lumbar region. TheraWrapedge to edge coil unit offersindividually encased coilsthatmove and conform to the body,eliminating sleep partner disturbances. | I73: Kid | J73: Twin | K73: Innerspring | L73: 2-Good | M73: Side/Back | N73: 4-Premier | O73: 2-Good | P73: Soft
A74: 50111067 | B74: =_xlfn.XLOOKUP(A74,Sheet1!A:A,Sheet1!D:D,"") -> MAKE WAVES | C74: TW MAKE WAVES | D74: =_xlfn.XLOOKUP(A74,Sheet1!A:A,Sheet1!C:C,"") -> 395 | E74: 499.99 | F74: TOMMY BAHAMA | G74: P | H74: Firm firmness. Circular Knit Fabric with Lycra for a soft luxurious feel. Performance Foam provides support, durability and comfortable sleep. TheraCool Visco Gel provides pressure point relief and wicks away heat from the body for a cooler nights sleep. TheraWrapedge to edge coil unit offersindividually encased coilsthatmove and conform to the body,eliminating sleep partner disturbances. | I74: Kid | J74: Twin | K74: Hybrid | L74: 2-Good | M74: Stomach/Back | N74: 4-Premier | O74: 2-Good | P74: Firm
A75: 50111079 | B75: =_xlfn.XLOOKUP(A75,Sheet1!A:A,Sheet1!D:D,"") -> SEASIDE SERENITY | C75: TW SEASIDE SERENITY | D75: =_xlfn.XLOOKUP(A75,Sheet1!A:A,Sheet1!C:C,"") -> 495 | E75: 599.99 | F75: TOMMY BAHAMA | G75: P | H75: Medium firmness. Circular Knit Fabric with Lycra for a soft luxurious feel. Performance Foam provides support, durability and comfortable sleep. TheraCool Visco Gel provides pressure point relief and wicks away heat from the body for a cooler nights sleep. TheraWrapedge to edge coil unit offersindividually encased coilsthatmove and conform to the body,eliminating sleep partner disturbances. | I75: Kid | J75: Twin | K75: Innerspring | L75: 2-Good | M75: Side/Back/Stomach | N75: 4-Premier | O75: 2-Good | P75: Medium
A76: 50111144 | B76: =_xlfn.XLOOKUP(A76,Sheet1!A:A,Sheet1!D:D,"") -> ALDER | C76: TW ALDER | D76: =_xlfn.XLOOKUP(A76,Sheet1!A:A,Sheet1!C:C,"") -> 99 | E76: 199.99 | F76: THERAPEDIC KIDS | G76: P | H76: Therapedic's Alder mattress delivers a supportive bed for your growing child. Featuring antimicrobial protection, the quilt cover is enhanced with soft cushioning. For support and durability, this mattress utilizes performance foam to provide comfort for years to come. This product is made with the reassurance of CertiPUR-US foams that meet strict environmental, health and safety codes. | I76: Kid | J76: Twin | K76: Foam | L76: 2-Good | M76: Side/Back/Stomach | N76: 1-Basic | O76: 1-Basic | P76: Medium
A77: 50111168 | B77: =_xlfn.XLOOKUP(A77,Sheet1!A:A,Sheet1!D:D,"") -> CREEKMORE | C77: TW CREEKMORE | D77: =_xlfn.XLOOKUP(A77,Sheet1!A:A,Sheet1!C:C,"") -> 377 | E77: 399.99 | F77: THERAPEDIC KIDS | G77: P | H77: The Therapedic Creekmore mattress delivers a supportive bed that helps keep itself clean and fresh. Its sanitized finish continually inhibits the growth of odor-causing microbes and bacteria using zinc to keep your mattress fresh. Featuring antimicrobial protection, the quilt cover is enhanced with soft cushioning. TheraCool Memory Touch Visco gel foam maximizes comfort, combining pressure relieving and heat-wicking material. For support and durability, this mattress utilizes performance foam to provide comfort for years to come. | I77: Kid | J77: Twin | K77: Foam | L77: 3-Superior | M77: Side/Back | N77: 2-Good | O77: 2-Good | P77: Soft
A78: 50111170 | B78: =_xlfn.XLOOKUP(A78,Sheet1!A:A,Sheet1!D:D,"") -> FLOURISH | C78: TW FLOURISH | D78: =_xlfn.XLOOKUP(A78,Sheet1!A:A,Sheet1!C:C,"") -> 427 | E78: 449.99 | F78: THERAPEDIC KIDS | G78: P | H78: Designed to grow with your child, the Therapedic Flourish 2-Sided mattress makes a long-lasting bed that gives them the support they need. With two unique sides, this mattress includes zoned support based on your child's weight to provide proper support for their growth. TheraCool advanced gel foam promotes comfort, combining pressure relieving and heat-wicking material. Featuring antimicrobial protection, the quilt cover is enhanced with soft cushioning. Memory Touch Visco foam maximizes comfort, providing support and reducing pressure points. This premium foam adapts to weight and temperature for a customized sleep experience. For support and durability, this mattress utilizes performance foam to provide comfort for years to come. | I78: Kid | J78: Twin | K78: Foam | L78: 4-Premier | M78: Side/Back/Stomach | N78: 1-Basic | O78: 2-Good | P78: Medium
A79: 50111233 | B79: =_xlfn.XLOOKUP(A79,Sheet1!A:A,Sheet1!D:D,"") -> HAMEL | C79: TW HAMEL | D79: =_xlfn.XLOOKUP(A79,Sheet1!A:A,Sheet1!C:C,"") -> 277 | E79: 299.99 | F79: THERAPEDIC KIDS | G79: P | H79: Boasting innovative sleep technology, the Therapedic Hamel mattress epitomizes comfort with the addition of self-cleaning properties. Its sanitized finish continually inhibits the growth of odor-causing microbes and bacteria using zinc to keep your mattress fresh. Perfect for children sharing a bed, TheraWrap Edge to Edge coils reduce motion transfer to prevent partner disturbance. Each individual coil moves independently, conforming to fit the sleeper. Featuring antimicrobial protection, the quilt cover is enhanced with soft cushioning. TheraCool advanced gel foam with graphite promotes comfort, combining pressure relieving and heat-wicking material. For support and durability, this utilizes performance foam to provide comfort for years to come. | I79: Kid | J79: Twin | K79: Innerspring | L79: 3-Superior | M79: Side/Back | N79: 4-Premier | O79: 2-Good | P79: Soft
A80: 50111269 | B80: =_xlfn.XLOOKUP(A80,Sheet1!A:A,Sheet1!D:D,"") -> IMPREZA | C80: TW IMPREZA | D80: =_xlfn.XLOOKUP(A80,Sheet1!A:A,Sheet1!C:C,"") -> 327 | E80: 349.99 | F80: THERAPEDIC KIDS | G80: P | H80: Theracool advanced gel wicks away heat from the body, ensuring a cooler night's sleep. Therafoam encasement provides tremendous edge support for a smoother transition in and out of bed. Individual coils move independently to conform to the sleeper's position. Performance Plush transition layer adds extra support. Its sanitized finish continually inhibits the growth of odor-causing microbes and bacteria, keeping your mattress fresh. | I80: Kid | J80: Twin | K80: Innerspring | L80: 3-Superior | M80: Side/Back/Stomach | N80: 3-Superior | O80: 1-Basic | P80: Medium
A81: 50111346 | B81: =_xlfn.XLOOKUP(A81,Sheet1!A:A,Sheet1!D:D,"") -> FORESTER | C81: TW FORESTER | D81: =_xlfn.XLOOKUP(A81,Sheet1!A:A,Sheet1!C:C,"") -> 597 | E81: 799.99 | F81: THERAPEDIC | G81: P | I81: Adult | J81: Twin | K81: Innerspring | L81: 2-Good | M81: Stomach/Back | N81: 3-Superior | O81: 2-Good | P81: Extra Firm
A82: 50111360 | B82: =_xlfn.XLOOKUP(A82,Sheet1!A:A,Sheet1!D:D,"") -> DARLINGTON | C82: TW DARLINGTON | D82: =_xlfn.XLOOKUP(A82,Sheet1!A:A,Sheet1!C:C,"") -> 497 | E82: 599.99 | F82: THERAPEDIC | G82: P | I82: Adult | J82: Twin | K82: Innerspring | L82: 2-Good | M82: Side/Back/Stomach | N82: 2-Good | O82: 3-Superior | P82: Medium
A83: 50122212 | B83: =_xlfn.XLOOKUP(A83,Sheet1!A:A,Sheet1!D:D,"") -> OCEANA MIST | C83: TW OCEANA MIST | D83: =_xlfn.XLOOKUP(A83,Sheet1!A:A,Sheet1!C:C,"") -> 347 | E83: 649.99 | F83: BEAUTYSLEEP | G83: P | H83: The Beauty Sleep Oceana Mist 11.5 Medium Hybrid mattress is designed for your lifestyle. With a smooth top panel, the Beauty Sleep Oceana Mist 11.5 Medium Hybrid mattress features AllCool Gel Foam and AllCool Gel Memory Foam that contours to your body for the ultimate pressure relief. Premium foams provide a responsive sleep surface for all-night comfort, support, airflow, and breathability. Plus, firm 815 Original Beauty Sleep Pocketed Coils provide consistent, supportive sleep at a value designed for your lifestyle. Medium Smooth Top Hybrid mattress. | I83: Adult | J83: Twin | K83: Hybrid | L83: 2-Good | M83: Side/Back/Stomach | N83: 3-Superior | O83: 2-Good | P83: Medium
A84: 50125749 | B84: =_xlfn.XLOOKUP(A84,Sheet1!A:A,Sheet1!D:D,"") -> LEVEL THREE PLUSH | C84: TW WORLD CLASS LEVEL THREE PLUSH | D84: =_xlfn.XLOOKUP(A84,Sheet1!A:A,Sheet1!C:C,"") -> 1299 | E84: 1299 | F84: BEAUTYREST WORLD CLASS | H84: Step up to a world class sleep experience with Beautyrest World Class. Provides cushy comfort that responds to movement with a soft-yet-supportive feel. InfiniCool MAX Technology adds advanced cooling with vertical cooling fibers. SurfaceTouch Gel Memory Foam is quilted into the sleep surface to unlock immediate, advanced comfort. World Class Relief HD Foam, featured in all level three Beautyrest mattresses, adapts to body temperature, providing responsive pressure relief. Beautyrest ActiveResponse MAX HD Memory Foam creates high-density contouring to help alleviate aches and pains. 1000-density Pocketed Coil Technology and higher density foams offer individualized support motion separation. | I84: Adult | J84: Twin | K84: Innerspring | L84: 4-Premier | M84: Side/Back | N84: 4-Premier | O84: 4-Premier | P84: Soft
A85: 50125751 | B85: =_xlfn.XLOOKUP(A85,Sheet1!A:A,Sheet1!D:D,"") -> LEVEL THREE MEDIUM PILLOWTOP | C85: TW WORLD CLASS LEVEL THREE MED PT | D85: =_xlfn.XLOOKUP(A85,Sheet1!A:A,Sheet1!C:C,"") -> 1499 | E85: 1499 | F85: BEAUTYREST WORLD CLASS | H85: Step up to a world class sleep experience with Beautyrest World Class. Provides medium support with just the right amount of pressure relief and cloud-like top layer. InfiniCool MAX Technology adds advanced cooling combined with natural lux fibers for added surface breathability. SurfaceTouch Gel Memory Foam is quilted into the sleep surface to unlock immediate, advanced comfort. GelTouch Foam helps provide comfort, support, airflow and breathability. World Class Relief HD Foam, featured in all level three Beautyrest mattresses, adapts to body temperature, providing responsive pressure relief. Beautyrest ActiveResponse MAX HD Memory Foam creates high-density contouring to help alleviate aches and pains. 1000-density Pocketed Coil Technology and higher density foams offer individualized support motion separation. | I85: Adult | J85: Twin | K85: Innerspring | L85: 4-Premier | M85: Side/Back/Stomach | N85: 4-Premier | O85: 4-Premier | P85: Medium
A86: 50125802 | B86: =_xlfn.XLOOKUP(A86,Sheet1!A:A,Sheet1!D:D,"") -> LEVEL FOUR PLUSH PILLOWTOP | C86: TW WORLD CLASS LEVEL FOUR PLUSH PT | D86: =_xlfn.XLOOKUP(A86,Sheet1!A:A,Sheet1!C:C,"") -> 1799 | E86: 1799 | F86: BEAUTYREST WORLD CLASS | H86: Step up to a world class sleep experience with Beautyrest World Class. Provides cushy comfort that responds to movement with a soft-yet-supportive feel and a cloud-like top layer. InfiniCool MAX Technology adds advanced cooling with vertical cooling fibers. Level Four mattresses feature twice the SurfaceTouch Gel Memory Foam, unlocking even more pressure relief right at the surface. World Class Relief HD Foam, featured in all level four Beautyrest mattresses, offers remarkable pressure relief that responds to your body. Beautyrest ActiveResponse MAX HD Memory Foam helps alleviate aches and pains withhigh-density contouring. 1000-density Pocketed Coil Technology and higher density foams offer individualized support motion separation. | I86: Adult | J86: Twin | K86: Innerspring | L86: 5-Ultimate | M86: Side/Back | N86: 4-Premier | O86: 4-Premier | P86: Soft
A87: 50128959 | B87: =_xlfn.XLOOKUP(A87,Sheet1!A:A,Sheet1!D:D,"") -> KERRY PARK | C87: TW KERRY PARK | D87: =_xlfn.XLOOKUP(A87,Sheet1!A:A,Sheet1!C:C,"") -> 797 | E87: 1399 | F87: CORRECT COMFORT | G87: P | I87: Adult | J87: Twin | K87: Innerspring | L87: 4-Premier | M87: Side/Back | N87: 3-Superior | O87: 3-Superior | P87: Extra Soft
A88: 50128961 | B88: =_xlfn.XLOOKUP(A88,Sheet1!A:A,Sheet1!D:D,"") -> BRADFORD HILL | C88: TW BRADFORD HILL | D88: =_xlfn.XLOOKUP(A88,Sheet1!A:A,Sheet1!C:C,"") -> 595 | E88: 699 | F88: CORRECT COMFORT | G88: P | I88: Adult | J88: Twin | K88: Foam | L88: 3-Superior | M88: Side/Back/Stomach | N88: 3-Superior | O88: 2-Good | P88: Medium
A89: 50129177 | B89: =_xlfn.XLOOKUP(A89,Sheet1!A:A,Sheet1!D:D,"") -> BRIERWOOD | C89: TW BRIERWOOD | D89: =_xlfn.XLOOKUP(A89,Sheet1!A:A,Sheet1!C:C,"") -> 577 | E89: 699 | F89: POSTUREPEDIC | G89: P | H89: The Sealy Posturepedic Briarwood Medium mattress offers lasting comfort and superior support to help maintain natural body alignment and reduce nagging Bed Aches. The orthopedic-inspired Posturepedic Support System features exclusive PrecisionFit Coils, arranged right where you need them. Plus the Coil Edge provides a solid surface that's built to last. | I89: Adult | J89: Twin | K89: Innerspring | L89: 2-Good | M89: Side/Back/Stomach | N89: 2-Good | O89: 2-Good | P89: Medium
A90: 50129204 | B90: =_xlfn.XLOOKUP(A90,Sheet1!A:A,Sheet1!D:D,"") -> CASTLE ROCK | C90: TW CASTLE ROCK | D90: =_xlfn.XLOOKUP(A90,Sheet1!A:A,Sheet1!C:C,"") -> 897 | E90: 1099 | F90: POSTUREPEDIC PLUS | G90: P | H90: The Sealy Posturepedic Castle Rock Medium EPT mattress delivers pressure-relieving comfort to help maintain natural body alignment and reduce nagging Bed Aches night after night. The orthopedic-inspired Posturepedic Plus Support System features exclusive PrecisionFit Coils, arranged right where you need them. Plus, the DuraFlex Coil Edge provides a reinforced solid surface that's built to last. | I90: Adult | J90: Twin | K90: Innerspring | L90: 3-Superior | M90: Side/Back/Stomach | N90: 3-Superior | O90: 2-Good | P90: Medium
A91: 50129216 | B91: =_xlfn.XLOOKUP(A91,Sheet1!A:A,Sheet1!D:D,"") -> PEBBLEBROOK | C91: TW PEBBLEBROOK | D91: =_xlfn.XLOOKUP(A91,Sheet1!A:A,Sheet1!C:C,"") -> 977 | E91: 1199 | F91: POSTUREPEDIC PRO | H91: The Sealy Posturepedic Pebblebrook Medium mattress offers pressure-relieving comfort and targeted support to help maintain natural body alignment and reduce nagging Bed Aches night after night. The orthopedic-inspired Posturepedic Pro Support System features exclusive PrecisionFit Coils enhanced by MaxSupport Technology for all-over support. And the DuraFlex Coil Edge provides a reinforced solid surface that's built to last. | I91: Adult | J91: Twin | K91: Innerspring | L91: 3-Superior | M91: Side/Back/Stomach | N91: 4-Premier | O91: 3-Superior | P91: Medium
A92: 50134116 | B92: =_xlfn.XLOOKUP(A92,Sheet1!A:A,Sheet1!D:D,"") -> TEMPUR-KIDS | C92: TW TEMPUR-KIDS | D92: =_xlfn.XLOOKUP(A92,Sheet1!A:A,Sheet1!C:C,"") -> 699 | E92: 799 | F92: TEMPURPEDIC | H92: Exclusively at Rooms To Go, the TEMPUR-Kids mattress provides a restorative sleep experience for growing bodies. At the mattress surface, an anti-microbial cover is treated to defend against dust mite dander and other allergens to promote a fresh, healthy sleep environment. Beneath the cover, exclusive TEMPUR-ES Material creates a soft feel that relaxes your child's body. The ORIGINAL TEMPUR Material support layer adapts to your child's unique shape, providing conforming comfort. The end result is a plush mattress with body conforming support, which promotes deep, rejuvenating, Tempur-Pedic sleep. | I92: Kid | J92: Twin | K92: Foam | L92: 5-Ultimate | M92: Side/Back/Stomach | N92: 5-Ultimate | O92: 2-Good | P92: Medium
A93: 50152570 | B93: =_xlfn.XLOOKUP(A93,Sheet1!A:A,Sheet1!D:D,"") -> Z-305 | C93: TW Z-305 | D93: =_xlfn.XLOOKUP(A93,Sheet1!A:A,Sheet1!C:C,"") -> 277 | E93: 299.99 | F93: SEALY KIDS | G93: P | H93: Kid-friendly knitted fabric stretches in four directions, making the most of each comfort layer. Gel-infused quilted foam is soft to the touch, cradles the body, and helps keep the sleep surface cool. Active-Z's support layer offers medium firm upholstery foam, providing long lasting comfort throughout the mattress. Advanced support system offers individually wrapped coils that adapt to body movements and provide targeted support where it's needed most. Solid edge system delivers superior performance, additional sleep surface, and overall mattress stability with edge-to-edge foam encasement. | I93: Kid | J93: Twin | K93: Innerspring | L93: 2-Good | M93: Side/Back/Stomach | N93: 2-Good | O93: 2-Good | P93: Medium
A94: 50152582 | B94: =_xlfn.XLOOKUP(A94,Sheet1!A:A,Sheet1!D:D,"") -> Z-505 | C94: TW Z-505 | D94: =_xlfn.XLOOKUP(A94,Sheet1!A:A,Sheet1!C:C,"") -> 327 | E94: 349.99 | F94: SEALY KIDS | G94: P | H94: Kid-friendly knitted stretch fabric features cooling performance yarns engineered for a comfortable night's sleep. Gel-infused quilted foam is soft to the touch, cradles the body, and helps keep the sleep surface cool. Active-Z gel memory foam layer provides advanced air cushioning for additional temperature control. Advanced support system offers individually wrapped coils that adapt to body movements and provide targeted support where it's needed most. Solid edge system delivers superior performance, additional sleep surface, and overall mattress stability with edge-to-edge foam encasement. | I94: Kid | J94: Twin | K94: Innerspring | L94: 3-Superior | M94: Side/Back | N94: 3-Superior | O94: 4-Premier | P94: Soft
A95: 50170047 | B95: =_xlfn.XLOOKUP(A95,Sheet1!A:A,Sheet1!D:D,"") -> HELIX KIDS | C95: TW HELIX KIDS | D95: =_xlfn.XLOOKUP(A95,Sheet1!A:A,Sheet1!C:C,"") -> 599 | E95: 748.75 | F95: HELIX | I95: Kid | J95: Twin | K95: Innerspring | L95: 4-Premier | M95: Side/Back/Stomach | N95: 5-Ultimate | O95: 3-Superior | P95: Dual
A96: 50170112 | B96: =_xlfn.XLOOKUP(A96,Sheet1!A:A,Sheet1!D:D,"") -> HELIX MIDNIGHT LUXE | C96: TW HELIX MIDNIGHT LUXE | D96: =_xlfn.XLOOKUP(A96,Sheet1!A:A,Sheet1!C:C,"") -> 1348 | E96: 1685 | F96: HELIX | I96: Adult | J96: Twin | K96: Innerspring | L96: 4-Premier | M96: Side/Back/Stomach | N96: 4-Premier | O96: 3-Superior | P96: Medium
A97: 50170124 | B97: =_xlfn.XLOOKUP(A97,Sheet1!A:A,Sheet1!D:D,"") -> HELIX MIDNIGHT ELITE | C97: TW HELIX MIDNIGHT ELITE | D97: =_xlfn.XLOOKUP(A97,Sheet1!A:A,Sheet1!C:C,"") -> 1999 | E97: 2498.75 | F97: HELIX | I97: Adult | J97: Twin | K97: Innerspring | L97: 5-Ultimate | M97: Side/Back/Stomach | N97: 4-Premier | O97: 4-Premier | P97: Medium
A98: 50218607 | B98: =_xlfn.XLOOKUP(A98,Sheet1!A:A,Sheet1!D:D,"") -> EASE 4.0 | C98: TW EASE 4.0 | D98: =_xlfn.XLOOKUP(A98,Sheet1!A:A,Sheet1!C:C,"") -> 899 | E98: 899 | H98: Boasting all of the features of a power base, the Sealy Ease 4.0 adjustable base delivers custom comfort. Adjustable head and foot positions promote ergonomic alignment using a wireless remote. For enhanced relaxation, the zero gravity preset relieves pressure from your lower back to simulate a feeling of weightlessness. Easily set the base flat again with the touch of a button. Plus, tapered legs feature removable pieces to conveniently adjust the base height. Its light, thin profile offers a more seamless storage experience. | I98: Adult | J98: Twin
A99: 50300549 | B99: =_xlfn.XLOOKUP(A99,Sheet1!A:A,Sheet1!D:D,"") -> CASPER CLOUD ONE | C99: FL CASPER CLOUD ONE | D99: =_xlfn.XLOOKUP(A99,Sheet1!A:A,Sheet1!C:C,"") -> 959 | E99: 1199 | F99: CASPER | I99: Adult | J99: Full | K99: Foam | L99: 3-Superior | M99: Side/Back/Stomach | N99: 3-Superior | O99: 2-Good | P99: Medium
A100: 50300575 | B100: =_xlfn.XLOOKUP(A100,Sheet1!A:A,Sheet1!D:D,"") -> CASPER SNOW 2.0 | C100: FL CASPER SNOW 2.0 | D100: =_xlfn.XLOOKUP(A100,Sheet1!A:A,Sheet1!C:C,"") -> 1995 | E100: 2495 | F100: CASPER | H100: Casper signature cooling hybrid mattress. Specialty cool-to-the-touch fibers give an instantly refreshing feel. Phase Change Materialinstantly pulls heat away whileHeatDeleteT Bandswork all night to remove excess body heat to help yousleep 5 cooler all night long. Soothe Memory Foam conforms to the body and gently eases you into deep sleep. Zoned Support helps keep your spine in alignment with firmer foam under the hips, waist and lower back. Individually pocketed Flex Coils reduce motion transfer and boost support. | I100: Adult | J100: Full | K100: Hybrid | L100: 3-Superior | M100: Side/Back/Stomach | N100: 3-Superior | O100: 4-Premier | P100: Medium
...

Sheet Sheet1
A1: SKU | B1: Customer Description | C1: Zone 0 Price | D1: Theme
A2: 50000543 | B2: TWX CASPER CLOUD ONE | C2: 879 | D2: CASPER CLOUD ONE
A3: 50000555 | B3: TWXL CASPER ONE | C3: 679 | D3: CASPER ONE
A4: 50000567 | B4: TWXL CASPER DREAM | C4: 1275 | D4: CASPER DREAM
A5: 50000579 | B5: TWXL CASPER SNOW 2.0 | C5: 1595 | D5: CASPER SNOW 2.0
A6: 50000581 | B6: TWXL CASPER SNOW MAX | C6: 2595 | D6: CASPER SNOW MAX
A7: 50000593 | B7: TWXL CASPER DREAM MAX | C7: 2075 | D7: CASPER DREAM MAX
A8: 50000682 | B8: TWXL CASPER ONYX 2.0 | C8: 699 | D8: CASPER ONYX 2.0
A9: 50001773 | B9: TWX SMART MATCH 2.0 | C9: 1077 | D9: SMART MATCH 2.0
A10: 50004111 | B10: 8 INCH FUTON MATTRES | C10: 199.99 | D10: FUTON
A11: 50006141 | B11: ASTRO KIDS PILLOW W/PILLOW CASE | C11: 55.99 | D11: ASTRO PILLOW
A12: 50007460 | B12: TWXL ADAPT MEDIUM | C12: 1699 | D12: ADAPT 2.0 MEDIUM
A13: 50007472 | B13: TWXL ADAPT MEDIUM HYBRID | C13: 1999 | D13: ADAPT 2.0 MEDIUM HYBRID
... A210: 50212112 | B210: TW HI PRO FOUNDATION | C210: 200 | D210: BOX SPRING
A211: 50214659 | B211: CHOOSE YOUR FOUNDATION | D211: BOX SPRING
A212: 50214762 | B212: TW HI PRO FOUNDATION | C212: 200 | D212: BOX SPRING
A213: 50215601 | B213: TW HI PRO FOUNDATION | C213: 200 | D213: BOX SPRING
A214: 50216184 | B214: TW HI PRO FOUNDATION | C214: 200 | D214: BOX SPRING
A215: 50218607 | B215: TW EASE 4.0 | C215: 899 | D215: EASE 4.0
A216: 50219952 | B216: CHOOSE YOUR FOUNDATION | D216: BOX SPRING
A217: 50221705 | B217: CHOOSE YOUR FOUNDATION | D217: BOX SPRING
A218: 50222264 | B218: TW HI PRO FOUNDATION | C218: 200 | D218: BOX SPRING
A219: 50222606 | B219: TWIN BUNKIE BOARD | C219: 69.99 | D219: BUNKIE BOARD
A220: 50222620 | B220: TW ULTRA LO 3 FOUNDATION | C220: 200 | D220: BOX SPRING
A221: 50229270 | B221: TW HI PRO FOUNDATION | C221: 200 | D221: BOX SPRING
A222: 50248509 | B222: TW S&F HI PRO FOUNDATION | C222: 240 | D222: BOX SPRING
A223: 50252635 | B223: TW HI PRO FOUNDATION | C223: 200 | D223: BOX SPRING
A224: 50283476 | B224: TWIN HI PRO FOUNDATION | C224: 200 | D224: BOX SPRING
A225: 50299049 | B225: CHOOSE YOUR FOUNDATION | D225: BOX SPRING
A226: 50299140 | B226: CHOOSE YOUR FOUNDATION | D226: BOX SPRING
A227: 50299277 | B227: CHOOSE YOUR FOUNDATION | D227: BOX SPRING
A228: 50299758 | B228: TW EZ-LIFT FOUNDATION | C228: 200 | D228: EZ-LIFT FOUNDATION
A229: 50300549 | B229: FL CASPER CLOUD ONE | C229: 959 | D229: CASPER CLOUD ONE
A230: 50300551 | B230: FL CASPER ONE | C230: 759 | D230: CASPER ONE
A231: 50300563 | B231: FL CASPER DREAM | C231: 1395 | D231: CASPER DREAM
A232: 50300575 | B232: FL CASPER SNOW 2.0 | C232: 1995 | D232: CASPER SNOW 2.0
A233: 50300587 | B233: FL CASPER SNOW MAX | C233: 2995 | D233: CASPER SNOW MAX
A234: 50300599 | B234: FL CASPER DREAM MAX | C234: 2475 | D234: CASPER DREAM MAX
A235: 50300688 | B235: FL CASPER ONYX 2.0 | C235: 749 | D235: CASPER ONYX 2.0
A236: 50301779 | B236: FL SMART MATCH 2.0 | C236: 1177 | D236: SMART MATCH 2.0
A237: 50301781 | B237: FL HESTRIDGE | C237: 779 | D237: HESTRIDGE
A238: 50302264 | B238: FL TURNBULL | C238: 338 | D238: TURNBULL
A239: 50302276 | B239: FL POOLE | C239: 355 | D239: POOLE
... A349: 50412116 | B349: FL HI PRO FOUNDATION | C349: 250 | D349: BOX SPRING
A350: 50414653 | B350: CHOOSE YOUR FOUNDATION | D350: BOX SPRING
A351: 50414766 | B351: FL HI PRO FOUNDATION | C351: 250 | D351: BOX SPRING
A352: 50415605 | B352: FL HI PRO FOUNDATION | C352: 250 | D352: BOX SPRING
A353: 50416188 | B353: FL HI PRO FOUNDATION | C353: 250 | D353: BOX SPRING
A354: 50418601 | B354: FL EASE 4.0 | C354: 999 | D354: EASE 4.0
A355: 50419956 | B355: CHOOSE YOUR FOUNDATION | D355: BOX SPRING
A356: 50422268 | B356: FL HI PRO FOUNDATION | C356: 250 | D356: BOX SPRING
A357: 50422600 | B357: FULL BUNKIE BOARD | C357: 79.99 | D357: BUNKIE BOARD
A358: 50422624 | B358: FL ULTRA LO 3 FOUNDATION | C358: 250 | D358: BOX SPRING
A359: 50429274 | B359: FL HI PRO FOUNDATION | C359: 250 | D359: BOX SPRING
A360: 50432358 | B360: CHOOSE YOUR FOUNDATION | D360: BOX SPRING
A361: 50437803 | B361: FL BR BLK HI PRO FOUNDATION | C361: 300 | D361: BOX SPRING
A362: 50448503 | B362: FL S&F HI PRO FOUNDATION | C362: 315 | D362: BOX SPRING
A363: 50452639 | B363: FL HI PRO FOUNDATION | C363: 250 | D363: BOX SPRING
A364: 50483470 | B364: FULL HI PRO FOUNDATION | C364: 250 | D364: BOX SPRING
A365: 50499043 | B365: CHOOSE YOUR FOUNDATION | D365: BOX SPRING
A366: 50499144 | B366: CHOOSE YOUR FOUNDATION | D366: BOX SPRING
A367: 50499271 | B367: CHOOSE YOUR FOUNDATION | D367: BOX SPRING
A368: 50499346 | B368: CHOOSE YOUR FOUNDATION | D368: BOX SPRING
A369: 50499752 | B369: FL EZ-LIFT FOUNDATION | C369: 250 | D369: EZ-LIFT FOUNDATION
A370: 50499877 | B370: CHOOSE YOUR FOUNDATION | D370: BOX SPRING
A371: 50500543 | B371: QN CASPER CLOUD ONE | C371: 999 | D371: CASPER CLOUD ONE
A372: 50500555 | B372: QN CASPER ONE | C372: 799 | D372: CASPER ONE
A373: 50500567 | B373: QN CASPER DREAM | C373: 1495 | D373: CASPER DREAM
A374: 50500579 | B374: QN CASPER SNOW 2.0 | C374: 2075 | D374: CASPER SNOW 2.0
A375: 50500581 | B375: QN CASPER SNOW MAX | C375: 3195 | D375: CASPER SNOW MAX
A376: 50500593 | B376: QN CASPER DREAM MAX | C376: 2595 | D376: CASPER DREAM MAX
A377: 50500682 | B377: QN CASPER ONYX 2.0 | C377: 799 | D377: CASPER ONYX 2.0
A378: 50501773 | B378: QN SMART MATCH 2.0 | C378: 1277 | D378: SMART MATCH 2.0
A379: 50501785 | B379: QN HESTRIDGE | C379: 799 | D379: HESTRIDGE
A380: 50507460 | B380: QN ADAPT MEDIUM | C380: 2199 | D380: ADAPT 2.0 MEDIUM
A381: 50507472 | B381: QN ADAPT MEDIUM HYBRID | C381: 2499 | D381: ADAPT 2.0 MEDIUM HYBRID
A382: 50507484 | B382: QN PROADAPT FIRM | C382: 3399 | D382: PROADAPT 2.0 FIRM
... A502: 50611524 | B502: QN HI PRO FOUNDATION | C502: 250 | D502: BOX SPRING
A503: 50614657 | B503: CHOOSE YOUR FOUNDATION | D503: BOX SPRING
A504: 50614760 | B504: QN HI PRO FOUNDATION | C504: 250 | D504: BOX SPRING
A505: 50615609 | B505: QN HI PRO FOUNDATION | C505: 250 | D505: BOX SPRING
A506: 50615659 | B506: CHOOSE YOUR FOUNDATION | D506: BOX SPRING
A507: 50616182 | B507: QN HI PRO FOUNDATION | C507: 300 | D507: BOX SPRING
A508: 50618605 | B508: QN EASE 4.0 | C508: 999 | D508: EASE 4.0
A509: 50619950 | B509: CHOOSE YOUR FOUNDATION | D509: BOX SPRING
A510: 50620939 | B510: QN HI PRO FOUNDATION | C510: 250 | D510: BOX SPRING
A511: 50622262 | B511: QN HI PRO FOUNDATION | C511: 250 | D511: BOX SPRING
A512: 50622604 | B512: QUEEN BUNKIE BOARD | C512: 89.99 | D512: BUNKIE BOARD
A513: 50622628 | B513: QN ULTRA LO 3 FOUNDATION | C513: 250 | D513: BOX SPRING
A514: 50629278 | B514: QN HI PRO FOUNDATION | C514: 250 | D514: BOX SPRING
A515: 50637807 | B515: QN BR BLK HI PRO FOUNDATION | C515: 300 | D515: BOX SPRING
A516: 50648507 | B516: QN S&F HI PRO FOUNDATION | C516: 315 | D516: BOX SPRING
A517: 50652633 | B517: QN HI PRO FOUNDATION | C517: 250 | D517: BOX SPRING
A518: 50683474 | B518: QUEEN HIGH PRO FOUNDATION | C518: 250 | D518: BOX SPRING
A519: 50699047 | B519: CHOOSE YOUR FOUNDATION | D519: BOX SPRING
A520: 50699148 | B520: CHOOSE YOUR FOUNDATION | D520: BOX SPRING
A521: 50699340 | B521: CHOOSE YOUR FOUNDATION | D521: BOX SPRING
A522: 50699352 | B522: CHOOSE YOUR FOUNDATION | D522: BOX SPRING
A523: 50700547 | B523: KG CASPER CLOUD ONE | C523: 1319 | D523: CASPER CLOUD ONE
A524: 50700559 | B524: KG CASPER ONE | C524: 1119 | D524: CASPER ONE
...
